video_id,comment_id,reply_to_comment_id,original_text,translated_text,emoji_only,reply_to_original_text,reply_to_id,replied_to_translated,emoji_count,text_length,thread_depth,creator_category,manual_label,manual_label_new,video_moral_label
https://www.tiktok.com/@thepieterkriel/video/7504301019644431622,7504334453314208520,,Hey wena kwedini you're a future leader wena boi ğŸ‘ğŸ‘ğŸ‘,Hey you on the Midi You're a Future Loader You Boi,ğŸ‘ğŸ‘ğŸ‘,,,,3,50,0,Middle,Unclear,Ubuntu,Ubuntu
https://www.tiktok.com/@thepieterkriel/video/7504301019644431622,7509286443963106080,,ğŸ’ªğŸ’ªğŸ’ª,,ğŸ’ªğŸ’ªğŸ’ª,,,,3,0,0,Middle,Unclear,Middle,Ubuntu
https://www.tiktok.com/@thepieterkriel/video/7479652795608567046,7500643484442903351,,"GOD bless you,ğŸ˜Š","GOD bless you,",ğŸ˜Š,,,,1,14,0,Middle,Ubuntu,Ubuntu,Middle
https://www.tiktok.com/@thepieterkriel/video/7479652795608567046,7497725399674176262,,you are brave and wise,you are brave and wise,,,,,0,22,0,Middle,Ubuntu,Ubuntu,Middle
https://www.tiktok.com/@thepieterkriel/video/7479652795608567046,7497993082589135621,,We need more people like you in South Africa.,We need more people like you in South Africa.,,,,,0,45,0,Middle,Ubuntu,Ubuntu,Middle
https://www.tiktok.com/@thepieterkriel/video/7479652795608567046,7491254279266960133,,Peter you are the next South African president. I wish you could go study Law and political studies. Engage with the people. Prepare yourself now. I am black and I will vote for you.,Peter you are the next South African president. I wish you could go study Law and political studies. Engage with the people. Prepare yourself now. I am black and I will vote for you.,,,,,0,182,0,Middle,Ubuntu,Ubuntu,Middle
https://www.tiktok.com/@thepieterkriel/video/7479652795608567046,7503858473596732165,,I think you going far bro with your mindset keep it up ğŸ‘ğŸ‘ğŸ‘ğŸ“¿,I think you going far bro with your mindset keep it up,ğŸ‘ğŸ‘ğŸ‘ğŸ“¿,,,,4,54,0,Middle,Ubuntu,Ubuntu,Middle
https://www.tiktok.com/@thepieterkriel/video/7479652795608567046,7485655098485080837,,True leader...this young man will go far in life,True leader...this young man will go far in life,,,,,0,48,0,Middle,Ubuntu,Ubuntu,Middle
https://www.tiktok.com/@thepieterkriel/video/7479652795608567046,7499960745950741303,,well spoken,well spoken,,,,,0,11,0,Middle,Ubuntu,Ubuntu,Middle
https://www.tiktok.com/@thepieterkriel/video/7479652795608567046,7501730552384471863,,love you young man ....join the ANC right now and definitely you'll become the first white president of democratic South Africa,love you young man ....join the ANC right now and definitely you'll become the first white president of democratic South Africa,,,,,0,127,0,Middle,Middle,Ubuntu,Middle
https://www.tiktok.com/@thepieterkriel/video/7479652795608567046,7502753582366950149,,Do you have Capitec bank I want black people to do something for you ğŸ™ğŸ™ğŸ™ğŸ™ğŸ™ğŸ™â¤ï¸â¤ï¸â¤ï¸you are powerful king,Do you have Capitec bank I want black people to do something for you you are powerful king,ğŸ™ğŸ™ğŸ™ğŸ™ğŸ™ğŸ™â¤â¤â¤,,,,9,90,0,Middle,Ubuntu,Ubuntu,Middle
https://www.tiktok.com/@thepieterkriel/video/7479652795608567046,7502815157640512311,,"My request to you is that when others honor Trump 's offer, don't ever think of going. SA is your home. Stay with us. You belong here.","My request to you is that when others honor Trump 's offer, don't ever think of going. SA is your home. Stay with us. You belong here.",,,,,0,134,0,Middle,Middle,Ubuntu,Middle
https://www.tiktok.com/@thepieterkriel/video/7479652795608567046,7491105721524028203,,"Of course, racism is a fabrication.
Observe small children and how they share with each other irrespective of skin color or clothes or even cultural behavior.","Of course, racism is a fabrication.
Observe small children and how they share with each other irrespective of skin color or clothes or even cultural behavior.",,,,,0,158,0,Middle,Ubuntu,Ubuntu,Middle
https://www.tiktok.com/@thepieterkriel/video/7479652795608567046,7480442896128443141,,that's good keep it up with that good heart,that's good keep it up with that good heart,,,,,0,43,0,Middle,Ubuntu,Ubuntu,Middle
https://www.tiktok.com/@thepieterkriel/video/7479652795608567046,7480062526472372998,,"Protection protection protection for this blessing our mother earth has provided to us, ğŸ’• PieterKriel...ğŸ‡¿ğŸ‡¦","Protection protection protection for this blessing our mother earth has provided to us,  PieterKriel...",ğŸ’•,,,,1,103,0,Middle,Ubuntu,Ubuntu,Middle
https://www.tiktok.com/@thepieterkriel/video/7479652795608567046,7480959872336855813,,Mandela once said no one was born with hatred we are being taught or condintioned to hate,Mandela once said no one was born with hatred we are being taught or condintioned to hate,,,,,0,89,0,Middle,Ubuntu,Ubuntu,Middle
https://www.tiktok.com/@thepieterkriel/video/7479652795608567046,7487512237767754501,,you have the power to take south Africa where is supposed to be please young man you have what we need,you have the power to take south Africa where is supposed to be please young man you have what we need,,,,,0,102,0,Middle,Ubuntu,Ubuntu,Middle
https://www.tiktok.com/@thepieterkriel/video/7504301019644431622,7512012693764342533,,We need Rams to take you to the next meeting with TrumpğŸ‘Œ,We need Rams to take you to the next meeting with Trump,ğŸ‘Œ,,,,1,55,0,Middle,Middle,Ubuntu,Ubuntu
https://www.tiktok.com/@thepieterkriel/video/7504301019644431622,7504364670418371383,,Power to truthğŸ‘,Power to truth,ğŸ‘,,,,1,14,0,Middle,Ubuntu,Ubuntu,Ubuntu
https://www.tiktok.com/@thepieterkriel/video/7504301019644431622,7504579841560478486,7.50436068941154E+18,Everyoneâ€™s ancestors were barbaric at a point. Letâ€™s live in the present instead of the past,Everyones ancestors were barbaric at a point. Lets live in the present instead of the past,,"What culture is pillaging, murder, exploitation? You should be ashamed of your barbaric ancestors.",7.50436068941154E+18,"What culture is pillaging, murder, exploitation? You should be ashamed of your barbaric ancestors.",0,90,1,Middle,Middle,Ubuntu,Ubuntu
https://www.tiktok.com/@thepieterkriel/video/7504301019644431622,7504605501775446789,,Bro you are the son of the soil. You belong here in Africa. keep it ğŸ’¯ %up,Bro you are the son of the soil. You belong here in Africa. keep it  %up,ğŸ’¯,,,,1,72,0,Middle,Ubuntu,Ubuntu,Ubuntu
https://www.tiktok.com/@thepieterkriel/video/7504301019644431622,7511453278165189398,,"Yes, we can build a new Africa","Yes, we can build a new Africa",,,,,0,30,0,Middle,Ubuntu,Ubuntu,Ubuntu
https://www.tiktok.com/@thepieterkriel/video/7504301019644431622,7504360663655318327,,i think this mind set is what every African has to bear,i think this mind set is what every African has to bear,,,,,0,55,0,Middle,Middle,Ubuntu,Ubuntu
https://www.tiktok.com/@thepieterkriel/video/7504301019644431622,7504518748033254199,,"Bro, you spoke the truth. I am proud of you","Bro, you spoke the truth. I am proud of you",,,,,0,43,0,Middle,Ubuntu,Ubuntu,Ubuntu
https://www.tiktok.com/@thepieterkriel/video/7504301019644431622,7504724358481494790,,can say that againğŸ«¶what a breath of fresh airğŸ¤—,can say that againwhat a breath of fresh air,ğŸ«¶ğŸ¤—,,,,2,44,0,Middle,Ubuntu,Ubuntu,Ubuntu
https://www.tiktok.com/@thepieterkriel/video/7504301019644431622,7504555787874665218,,"My little one, you have good ideas, it's true that Africa belongs to people who love the African continent","My little one, you have good ideas, it's true that Africa belongs to people who love the African continent",,,,,0,106,0,Middle,Ubuntu,Ubuntu,Ubuntu
https://www.tiktok.com/@thepieterkriel/video/7504301019644431622,7509358113808466694,,Peter you're a hero. we are 100 percent behind you this is democratic country nobody has a right to threaten someone be strong,Peter you're a hero. we are 100 percent behind you this is democratic country nobody has a right to threaten someone be strong,,,,,0,126,0,Middle,Ubuntu,Ubuntu,Ubuntu
https://www.tiktok.com/@thepieterkriel/video/7504301019644431622,7504848791754064648,,"You need to do whatâ€™s best for you and your country, you shouldnâ€™t allow other sides to dictate how you should develop your country. But in saying that you need equality between back and whites for your own country to properly prosper","You need to do whats best for you and your country, you shouldnt allow other sides to dictate how you should develop your country. But in saying that you need equality between back and whites for your own country to properly prosper",,,,,0,232,0,Middle,Ubuntu,Ubuntu,Ubuntu
https://www.tiktok.com/@thepieterkriel/video/7504301019644431622,7505372294485082886,,"perfect lesson.Pan Africanism is above colour, tribe or race; Is the love of ALKEBULAN.","perfect lesson.Pan Africanism is above colour, tribe or race; Is the love of ALKEBULAN.",,,,,0,87,0,Middle,Ubuntu,Ubuntu,Ubuntu
https://www.tiktok.com/@thepieterkriel/video/7504301019644431622,7505184205762347781,,So smart idea by intelligent young man,So smart idea by intelligent young man,,,,,0,38,0,Middle,Ubuntu,Ubuntu,Ubuntu
https://www.tiktok.com/@thepieterkriel/video/7504301019644431622,7504329148573090615,,Why is this young boy so wiseğŸ¥°,Why is this young boy so wise,ğŸ¥°,,,,1,29,0,Middle,Ubuntu,Ubuntu,Ubuntu
https://www.tiktok.com/@thepieterkriel/video/7507250717309095173,7507590511965700869,,Part of me wish you can join politics so that you may be in our parliament but I also don't wish so that you may not be compromised. Sir you're a beacon of hope,Part of me wish you can join politics so that you may be in our parliament but I also don't wish so that you may not be compromised. Sir you're a beacon of hope,,,,,0,160,0,Middle,Ubuntu,Ubuntu,Middle
https://www.tiktok.com/@thepieterkriel/video/7507250717309095173,7507550250325705478,,u are the real deal bro. I know Ur white. but u are my brother from another mother,u are the real deal bro. I know Ur white. but u are my brother from another mother,,,,,0,82,0,Middle,Ubuntu,Ubuntu,Middle
https://www.tiktok.com/@thepieterkriel/video/7508289598288710918,7508382894828176184,,keep pushing dude thank for all of the support u hv for us as black people,keep pushing dude thank for all of the support u hv for us as black people,,,,,0,74,0,Middle,Ubuntu,Ubuntu,Middle
https://www.tiktok.com/@thepieterkriel/video/7508289598288710918,7508470919469040391,,gods of africa please protect this young wisemanğŸ¥°ğŸ¥°ğŸ¥°ğŸ¥°,gods of africa please protect this young wiseman,ğŸ¥°ğŸ¥°ğŸ¥°ğŸ¥°,,,,4,48,0,Middle,Ubuntu,Ubuntu,Middle
https://www.tiktok.com/@thepieterkriel/video/7508289598288710918,7509039868132410117,,This man needs to be protected,This man needs to be protected,,,,,0,30,0,Middle,Ubuntu,Ubuntu,Middle
https://www.tiktok.com/@thepieterkriel/video/7508289598288710918,7509530893896745784,,"I pray that they don't buy your voice,
keep enlightening us","I pray that they don't buy your voice,
keep enlightening us",,,,,0,59,0,Middle,Ubuntu,Ubuntu,Middle
https://www.tiktok.com/@thepieterkriel/video/7508289598288710918,7508312087379379000,,For the healing feeling of the nation ğŸ˜‡halleluyah ğŸ‘‘yahmein ğŸ˜‡,For the healing feeling of the nation halleluyah yahmein,ğŸ˜‡ğŸ‘‘ğŸ˜‡,,,,3,56,0,Middle,Ubuntu,Ubuntu,Middle
https://www.tiktok.com/@thepieterkriel/video/7508289598288710918,7510966312077001478,,21 Gun Salute to you Boi....ğŸ‡¿ğŸ‡¦,21 Gun Salute to you Boi....,,,,,0,28,0,Middle,Ubuntu,Ubuntu,Middle
https://www.tiktok.com/@thepieterkriel/video/7508289598288710918,7509727929623118648,,"A've never came across a single video of you that doesn't make sense, and right now i want to Teach you isiXhosa so you can adress the Nation in 1 of African Languages ğŸ˜‚ğŸ˜‚","A've never came across a single video of you that doesn't make sense, and right now i want to Teach you isiXhosa so you can adress the Nation in 1 of African Languages",ğŸ˜‚ğŸ˜‚,,,,2,167,0,Middle,Ubuntu,Ubuntu,Middle
https://www.tiktok.com/@thepieterkriel/video/7512385669453417734,7512619063945724678,,God please protect this young man ğŸ™ğŸ™,God please protect this young man,ğŸ™ğŸ™,,,,2,33,0,Middle,Ubuntu,Ubuntu,Middle
https://www.tiktok.com/@thepieterkriel/video/7512385669453417734,7512428842809574149,,I would vote for you my leader.,I would vote for you my leader.,,,,,0,31,0,Middle,Middle,Ubuntu,Middle
https://www.tiktok.com/@thepieterkriel/video/7512385669453417734,7512886166045180678,,true my brother,true my brother,,,,,0,15,0,Middle,Ubuntu,Ubuntu,Middle
https://www.tiktok.com/@thepieterkriel/video/7512385669453417734,7512510092496634629,,khuphuka lapho mfana bayoze bakuvume ngeqiniso bazokuthuka abadla naye ngoba iqiniso liyababa,Go up when the boy will let you know about the truth they will insult her eating because the truth is my,,,,,0,104,0,Middle,Unclear,Ubuntu,Middle
https://www.tiktok.com/@thepieterkriel/video/7479652795608567046,7480740533729002247,,it's the same issue in the black community,it's the same issue in the black community,,,,,0,42,0,Middle,Middle,Middle,Middle
https://www.tiktok.com/@thepieterkriel/video/7479652795608567046,7507000070615073542,,Racism is taught,Racism is taught,,,,,0,16,0,Middle,Middle,Middle,Middle
https://www.tiktok.com/@thepieterkriel/video/7479652795608567046,7501586348563137285,7.50157294086234E+18,ğŸ’™VIVA DAğŸ’™VIVA DAğŸ’™VIVA DAğŸ’™VIVA DAğŸ’™VIVA DAğŸ’™VIVA DAğŸ’™VIVA DAğŸ’™VIVA DAğŸ’™VIVA DAğŸ’™VIVA DAğŸ’™VIVA DAğŸ’™VIVA DAğŸ’™VIVA DAğŸ’™VIVA DAğŸ’™VIVA DAğŸ’™VIVA DAğŸ’™VIVA DAğŸ’™VIVA DAğŸ’™VIVA DAğŸ’™VIVA DAğŸ’™VIVA DAğŸ’™.,VIVA DAVIVA DAVIVA DAVIVA DAVIVA DAVIVA DAVIVA DAVIVA DAVIVA DAVIVA DAVIVA DAVIVA DAVIVA DAVIVA DAVIVA DAVIVA DAVIVA DA.,ğŸ’™ğŸ’™ğŸ’™ğŸ’™ğŸ’™ğŸ’™ğŸ’™ğŸ’™ğŸ’™ğŸ’™ğŸ’™ğŸ’™ğŸ’™ğŸ’™ğŸ’™ğŸ’™ğŸ’™ğŸ’™ğŸ’™ğŸ’™ğŸ’™ğŸ’™,ğŸ¥°ğŸ¥°ğŸ¥°well spoken,7.50157294086234E+18,well spoken,22,120,1,Middle,Unclear,Middle,Middle
https://www.tiktok.com/@thepieterkriel/video/7479652795608567046,7505893472442008338,,ğŸ˜‚,,ğŸ˜‚,,,,1,0,0,Middle,Unclear,Middle,Middle
https://www.tiktok.com/@thepieterkriel/video/7479652795608567046,7497417490374017798,,the truth must come out my boy,the truth must come out my boy,,,,,0,30,0,Middle,Middle,Middle,Middle
https://www.tiktok.com/@thepieterkriel/video/7479652795608567046,7506172756396999430,,No one born racist the kids are taught by cruel and racist parents,No one born racist the kids are taught by cruel and racist parents,,,,,0,66,0,Middle,Middle,Middle,Middle
https://www.tiktok.com/@thepieterkriel/video/7479652795608567046,7480867648457605943,,"true,","true,",,,,,0,5,0,Middle,Unclear,Middle,Middle
https://www.tiktok.com/@thepieterkriel/video/7479652795608567046,7480469916832793349,,indoctrinated cajoled n assimilated,indoctrinated cajoled n assimilated,,,,,0,35,0,Middle,Unclear,Middle,Middle
https://www.tiktok.com/@thepieterkriel/video/7479652795608567046,7493241657812648710,,in South Africa with the privilege white people get racism is taught from the tender age once black students rise from like 5 to 20 in white dominant schools they start to remove their kids in numbers,in South Africa with the privilege white people get racism is taught from the tender age once black students rise from like 5 to 20 in white dominant schools they start to remove their kids in numbers,,,,,0,200,0,Middle,Middle,Middle,Middle
https://www.tiktok.com/@thepieterkriel/video/7479652795608567046,7496334280185561862,,ğŸ˜‚,,ğŸ˜‚,,,,1,0,0,Middle,Unclear,Middle,Middle
https://www.tiktok.com/@thepieterkriel/video/7479652795608567046,7505077229325763371,,We are all created by the same GOD! Those that are taught to hate are those YTs America just accepted! Iâ€™m black and Iâ€™m proud . Iâ€™m black and Iâ€™m beautiful. And I say it loudly.,We are all created by the same GOD! Those that are taught to hate are those YTs America just accepted! Im black and Im proud . Im black and Im beautiful. And I say it loudly.,,,,,0,174,0,Middle,Ubuntu,Middle,Middle
https://www.tiktok.com/@thepieterkriel/video/7479652795608567046,7505690843723809558,,ğŸ‘ğŸ‘ğŸ‘ğŸ‘ğŸ‘ğŸ’¯ğŸ’¯ğŸ’¯ğŸ’¯ğŸ’¯,,ğŸ‘ğŸ‘ğŸ‘ğŸ‘ğŸ‘ğŸ’¯ğŸ’¯ğŸ’¯ğŸ’¯ğŸ’¯,,,,10,0,0,Middle,Unclear,Middle,Middle
https://www.tiktok.com/@thepieterkriel/video/7479652795608567046,7479787523889332998,,racist is being created by parents and friends,racist is being created by parents and friends,,,,,0,46,0,Middle,Middle,Middle,Middle
https://www.tiktok.com/@thepieterkriel/video/7479652795608567046,7509091311115911941,,ğŸ˜‚ğŸ˜‚ğŸ˜‚ğŸ˜‚ğŸ˜‚,,ğŸ˜‚ğŸ˜‚ğŸ˜‚ğŸ˜‚ğŸ˜‚,,,,5,0,0,Middle,Unclear,Middle,Middle
https://www.tiktok.com/@thepieterkriel/video/7479652795608567046,7480542848388449079,,well my idea to fight race is that both black and white and coloured need to make babies together and 100 years from now you'll have one race,well my idea to fight race is that both black and white and coloured need to make babies together and 100 years from now you'll have one race,,,,,0,141,0,Middle,Middle,Middle,Middle
https://www.tiktok.com/@thepieterkriel/video/7479652795608567046,7508832347711161093,,Totally agree that racism is taught,Totally agree that racism is taught,,,,,0,35,0,Middle,Middle,Middle,Middle
https://www.tiktok.com/@thepieterkriel/video/7479652795608567046,7499682284921438981,,who is this child?ğŸ˜³,who is this child?,ğŸ˜³,,,,1,18,0,Middle,Unclear,Middle,Middle
https://www.tiktok.com/@thepieterkriel/video/7504301019644431622,7504971328257671958,,Iâ€™m in enemy territory,Im in enemy territory,,,,,0,21,0,Middle,Unclear,Middle,Ubuntu
https://www.tiktok.com/@thepieterkriel/video/7504301019644431622,7507644920942199558,,ğŸ™,,ğŸ™,,,,1,0,0,Middle,Unclear,Middle,Ubuntu
https://www.tiktok.com/@thepieterkriel/video/7504301019644431622,7511656529927160581,,ğŸ¥°ğŸ¥°ğŸ¥°,,ğŸ¥°ğŸ¥°ğŸ¥°,,,,3,0,0,Middle,Ubuntu,Middle,Ubuntu
https://www.tiktok.com/@thepieterkriel/video/7504301019644431622,7504306873252987654,7.50430349665914E+18,"it's not fragility but the importance of preserverance as an ""Afrikanner"" what exactly is your culture without the influence of the Dutch which to highlight is out of Africa? What exactly as Afrikanners do you want to preserve? A language that is not even yours?
love you btw I think you're amazing ğŸ’","it's not fragility but the importance of preserverance as an ""Afrikanner"" what exactly is your culture without the influence of the Dutch which to highlight is out of Africa? What exactly as Afrikanners do you want to preserve? A language that is not even yours?
love you btw I think you're amazing",ğŸ’,do you not feel like as a white man you saying you are African is low key colonization. like get that yall her deep roots in South Africa but at what cost. I genuinely feel you can't identify with people you tortured (your forefathers). personally I will never take a white or Arab as Africans. In addition Afrikaans is not the white mans language. I stand to be corrected thoughâ¤ï¸â¤ï¸,7.50430349665914E+18,do you not feel like as a white man you saying you are African is low key colonization. like get that yall her deep roots in South Africa but at what cost. I genuinely feel you can't identify with people you tortured (your forefathers). personally I will never take a white or Arab as Africans. In addition Afrikaans is not the white mans language. I stand to be corrected though,1,298,1,Middle,Middle,Middle,Ubuntu
https://www.tiktok.com/@thepieterkriel/video/7504301019644431622,7506317957825692422,,ğŸ”¥ğŸ”¥ğŸ”¥,,ğŸ”¥ğŸ”¥ğŸ”¥,,,,3,0,0,Middle,Unclear,Middle,Ubuntu
https://www.tiktok.com/@thepieterkriel/video/7504301019644431622,7504731707053196037,7.50467594886123E+18,no ğŸ˜‚ğŸ˜‚,no,ğŸ˜‚ğŸ˜‚,"So africans who were borned and raised over generations in Europe, you call them europeans? Or it is only Africa that has to accept everyone",7.50467594886123E+18,"So africans who were borned and raised over generations in Europe, you call them europeans? Or it is only Africa that has to accept everyone",2,2,1,Middle,Unclear,Middle,Ubuntu
https://www.tiktok.com/@thepieterkriel/video/7504301019644431622,7505470676574176002,7.50458296796922E+18,south african whoops,south african whoops,,white so called Afrikaners are European colonial settlers,7.50458296796922E+18,white so called Afrikaners are European colonial settlers,0,20,1,Middle,Unclear,Middle,Ubuntu
https://www.tiktok.com/@thepieterkriel/video/7504301019644431622,7506479584180962070,7.50467594886123E+18,"Italian Americans, Irish Americans, White Americans, Native Americans, Chinese Americans, Asian Americans, Mexican Americans, etc etc etc","Italian Americans, Irish Americans, White Americans, Native Americans, Chinese Americans, Asian Americans, Mexican Americans, etc etc etc",,"So africans who were borned and raised over generations in Europe, you call them europeans? Or it is only Africa that has to accept everyone",7.50467594886123E+18,"So africans who were borned and raised over generations in Europe, you call them europeans? Or it is only Africa that has to accept everyone",0,137,1,Middle,Middle,Middle,Ubuntu
https://www.tiktok.com/@thepieterkriel/video/7504301019644431622,7504703522551825174,7.50444074865135E+18,Do you know him ?,Do you know him ?,,Do you have black South African friends,7.50444074865135E+18,Do you have black South African friends,0,17,1,Middle,Middle,Middle,Ubuntu
https://www.tiktok.com/@thepieterkriel/video/7504301019644431622,7504537825509950226,,I support your intellectual honesty,I support your intellectual honesty,,,,,0,35,0,Middle,Ubuntu,Middle,Ubuntu
https://www.tiktok.com/@thepieterkriel/video/7504301019644431622,7509129789061382930,,iphekiwe lensizwa boze bathi bhuti enganeni ğŸ™ŒğŸ¾,A young man's cooked they say bro to a child,ğŸ™ŒğŸ¾,,,,2,44,0,Middle,Unclear,Middle,Ubuntu
https://www.tiktok.com/@thepieterkriel/video/7504301019644431622,7507869677508084486,,preserve the culture by being in Africa.....,preserve the culture by being in Africa.....,,,,,0,44,0,Middle,Middle,Middle,Ubuntu
https://www.tiktok.com/@thepieterkriel/video/7504301019644431622,7504717845198308118,,"Youâ€™re white, so youâ€™re European","Youre white, so youre European",,,,,0,30,0,Middle,Middle,Middle,Ubuntu
https://www.tiktok.com/@thepieterkriel/video/7504301019644431622,7504641042538300183,7.50430349665914E+18,"Black and African are separate things though? You wouldn't say an Egyptian is the same ethnicity as a Yoruba person, would you?","Black and African are separate things though? You wouldn't say an Egyptian is the same ethnicity as a Yoruba person, would you?",,do you not feel like as a white man you saying you are African is low key colonization. like get that yall her deep roots in South Africa but at what cost. I genuinely feel you can't identify with people you tortured (your forefathers). personally I will never take a white or Arab as Africans. In addition Afrikaans is not the white mans language. I stand to be corrected thoughâ¤ï¸â¤ï¸,7.50430349665914E+18,do you not feel like as a white man you saying you are African is low key colonization. like get that yall her deep roots in South Africa but at what cost. I genuinely feel you can't identify with people you tortured (your forefathers). personally I will never take a white or Arab as Africans. In addition Afrikaans is not the white mans language. I stand to be corrected though,0,127,1,Middle,Middle,Middle,Ubuntu
https://www.tiktok.com/@thepieterkriel/video/7507250717309095173,7507515725268058902,,ğŸ’¯,,ğŸ’¯,,,,1,0,0,Middle,Unclear,Middle,Middle
https://www.tiktok.com/@thepieterkriel/video/7507250717309095173,7507865474001470264,,very smart boy,very smart boy,,,,,0,14,0,Middle,Ubuntu,Middle,Middle
https://www.tiktok.com/@thepieterkriel/video/7507250717309095173,7507708095902434053,,Oh hats off for PieterKriel...!,Oh hats off for PieterKriel...!,,,,,0,31,0,Middle,Ubuntu,Middle,Middle
https://www.tiktok.com/@thepieterkriel/video/7507250717309095173,7507603131753890566,,i listen to you more than 5 times a day thanks for your good job,i listen to you more than 5 times a day thanks for your good job,,,,,0,64,0,Middle,Ubuntu,Middle,Middle
https://www.tiktok.com/@thepieterkriel/video/7507250717309095173,7508124496248947474,,DEMOCRACY IS EVIL ğŸ˜ˆ SYSTEM,DEMOCRACY IS EVIL  SYSTEM,ğŸ˜ˆ,,,,1,25,0,Middle,Middle,Middle,Middle
https://www.tiktok.com/@thepieterkriel/video/7507250717309095173,7511056997094687534,,ğŸ–¤ğŸ‘€,,ğŸ–¤ğŸ‘€,,,,2,0,0,Middle,Unclear,Middle,Middle
https://www.tiktok.com/@thepieterkriel/video/7507250717309095173,7511085581562462981,,"Framing is the whole problem. If you're in the business of ideological framing then you're part of the problem. Like Tutu said, It's not that you shouldn't separate people, its that you can't. i.e. It doesn't matter how you frame it.","Framing is the whole problem. If you're in the business of ideological framing then you're part of the problem. Like Tutu said, It's not that you shouldn't separate people, its that you can't. i.e. It doesn't matter how you frame it.",,,,,0,233,0,Middle,Middle,Middle,Middle
https://www.tiktok.com/@thepieterkriel/video/7507250717309095173,7507382296598315782,,I need your take on Yesterday's meeting with trump ..I can't wait for that video,I need your take on Yesterday's meeting with trump ..I can't wait for that video,,,,,0,80,0,Middle,Middle,Middle,Middle
https://www.tiktok.com/@thepieterkriel/video/7507250717309095173,7507885894830015237,,my guy ğŸ’¯ğŸ’¯ğŸ’¯,my guy,ğŸ’¯ğŸ’¯ğŸ’¯,,,,3,6,0,Middle,Unclear,Middle,Middle
https://www.tiktok.com/@thepieterkriel/video/7507250717309095173,7508287648541393720,,Also Ugandans take this in mind,Also Ugandans take this in mind,,,,,0,31,0,Middle,Unclear,Middle,Middle
https://www.tiktok.com/@thepieterkriel/video/7507250717309095173,7507890896320774968,,keep cooking son ğŸ¤”.. much appreciated!,keep cooking son .. much appreciated!,ğŸ¤”,,,,1,37,0,Middle,Ubuntu,Middle,Middle
https://www.tiktok.com/@thepieterkriel/video/7507250717309095173,7507998833167762206,,"a very brave fellow!!. but he shall inherit eternity,.. as he stands on the side of truth, not justice...","a very brave fellow!!. but he shall inherit eternity,.. as he stands on the side of truth, not justice...",,,,,0,105,0,Middle,Middle,Middle,Middle
https://www.tiktok.com/@thepieterkriel/video/7507250717309095173,7507664971636114184,,"TQ, KEEP GOING AGAINST WESTERN N US MEDIA LIES , POLITICIANS TOO , TOO MANY HYPOCRITE LEADERS BAD FOR THE WORLD,GREEDY FOR POWER","TQ, KEEP GOING AGAINST WESTERN N US MEDIA LIES , POLITICIANS TOO , TOO MANY HYPOCRITE LEADERS BAD FOR THE WORLD,GREEDY FOR POWER",,,,,0,128,0,Middle,Middle,Middle,Middle
https://www.tiktok.com/@thepieterkriel/video/7507250717309095173,7507747531415339818,,"""Answering the Clarion call for clarity."" Thank you.ğŸ¤”ğŸ˜â˜ºï¸ğŸ‘","""Answering the Clarion call for clarity."" Thank you.",ğŸ¤”ğŸ˜â˜ºğŸ‘,,,,4,52,0,Middle,Ubuntu,Middle,Middle
https://www.tiktok.com/@thepieterkriel/video/7507250717309095173,7507498434485945144,,"Pieter Kriel I like how you say it ""Political Psychology""","Pieter Kriel I like how you say it ""Political Psychology""",,,,,0,57,0,Middle,Unclear,Middle,Middle
https://www.tiktok.com/@thepieterkriel/video/7507250717309095173,7508057352328446725,,ğŸ¥°ğŸ¥°ğŸ¥°,,ğŸ¥°ğŸ¥°ğŸ¥°,,,,3,0,0,Middle,Ubuntu,Middle,Middle
https://www.tiktok.com/@thepieterkriel/video/7507250717309095173,7507929589462647557,,"It is sad that most people in South Africa that were born here cannot afford to buy land or houses, land is a birth right, government must give ppl land and they will slowly build for themselves, because the government cant even build for the people. They must start first with where people were born, so as to be fair ğŸ™, the time is now, it can't be that, only those with money deserve land ğŸ˜”","It is sad that most people in South Africa that were born here cannot afford to buy land or houses, land is a birth right, government must give ppl land and they will slowly build for themselves, because the government cant even build for the people. They must start first with where people were born, so as to be fair , the time is now, it can't be that, only those with money deserve land",ğŸ™ğŸ˜”,,,,2,390,0,Middle,Ubuntu,Middle,Middle
https://www.tiktok.com/@thepieterkriel/video/7507250717309095173,7507300749304595222,,i was waiting for your take on this...,i was waiting for your take on this...,,,,,0,38,0,Middle,Unclear,Middle,Middle
https://www.tiktok.com/@thepieterkriel/video/7507250717309095173,7507903565589431046,,you are redefining what it means to be an African..,you are redefining what it means to be an African..,,,,,0,51,0,Middle,Middle,Middle,Middle
https://www.tiktok.com/@thepieterkriel/video/7508289598288710918,7509758020919100168,,"He died because he defied the system, politics.","He died because he defied the system, politics.",,,,,0,47,0,Middle,Middle,Middle,Middle
https://www.tiktok.com/@thepieterkriel/video/7508289598288710918,7508301700920394552,,"Why he black or white, European or African? What was his real name? Did he ever existed? Please answer me truthfully young man?","Why he black or white, European or African? What was his real name? Did he ever existed? Please answer me truthfully young man?",,,,,0,127,0,Middle,Middle,Middle,Middle
https://www.tiktok.com/@thepieterkriel/video/7508289598288710918,7508873974815392517,,ğŸ’ªğŸ’ªğŸ’ª,,ğŸ’ªğŸ’ªğŸ’ª,,,,3,0,0,Middle,Unclear,Middle,Middle
https://www.tiktok.com/@thepieterkriel/video/7508289598288710918,7508290976927630086,,so he was a Communist,so he was a Communist,,,,,0,21,0,Middle,Middle,Middle,Middle
https://www.tiktok.com/@thepieterkriel/video/7508289598288710918,7508296122072793862,,Well said Vusi stand for the truth,Well said Vusi stand for the truth,,,,,0,34,0,Middle,Ubuntu,Middle,Middle
https://www.tiktok.com/@thepieterkriel/video/7508289598288710918,7509133039333032721,,jesus is Palestinian,jesus is Palestinian,,,,,0,20,0,Middle,Middle,Middle,Middle
https://www.tiktok.com/@thepieterkriel/video/7508289598288710918,7509217080122852102,,jews sacrifice themselves to save gentiles,jews sacrifice themselves to save gentiles,,,,,0,42,0,Middle,Middle,Middle,Middle
https://www.tiktok.com/@thepieterkriel/video/7508289598288710918,7508841477084021560,,Goosebumps ğŸ”¥,Goosebumps,ğŸ”¥,,,,1,10,0,Middle,Unclear,Middle,Middle
https://www.tiktok.com/@thepieterkriel/video/7508289598288710918,7509222401009730322,,Very true,Very true,,,,,0,9,0,Middle,Unclear,Middle,Middle
https://www.tiktok.com/@thepieterkriel/video/7508289598288710918,7508317885534896901,,The pray for Ibrahim Traore,The pray for Ibrahim Traore,,,,,0,27,0,Middle,Ubuntu,Middle,Middle
https://www.tiktok.com/@thepieterkriel/video/7508289598288710918,7510711294035936006,,THAT'S WHY THEY HATE HIM BCS HE IS THE SON OF GOD AND BLACK,THAT'S WHY THEY HATE HIM BCS HE IS THE SON OF GOD AND BLACK,,,,,0,59,0,Middle,Middle,Middle,Middle
https://www.tiktok.com/@thepieterkriel/video/7508289598288710918,7508291863486808888,,Y South Africa is registered as a business on the New York stock exchange ğŸ‡¿ğŸ‡¦ ğŸ“›,Y South Africa is registered as a business on the New York stock exchange,ğŸ“›,,,,1,73,0,Middle,Middle,Middle,Middle
https://www.tiktok.com/@thepieterkriel/video/7508289598288710918,7508359246493729542,,Pieter you 101% correct they were going to shoot him dead especially because he was a black man. The sufferings endured by black people today are the same afflictions Jesus endured in his time here on earth...,Pieter you 101% correct they were going to shoot him dead especially because he was a black man. The sufferings endured by black people today are the same afflictions Jesus endured in his time here on earth...,,,,,0,209,0,Middle,Middle,Middle,Middle
https://www.tiktok.com/@thepieterkriel/video/7508289598288710918,7508307774250861317,,And that is why they will keep threatening you cos u r not just another white boy who agrees with their system.ğŸ«¡,And that is why they will keep threatening you cos u r not just another white boy who agrees with their system.,ğŸ«¡,,,,1,111,0,Middle,Middle,Middle,Middle
https://www.tiktok.com/@thepieterkriel/video/7508289598288710918,7508381573629805368,,"my brother be sure you are protected . tgey will come for you, prepare to welcome them","my brother be sure you are protected . tgey will come for you, prepare to welcome them",,,,,0,86,0,Middle,Middle,Middle,Middle
https://www.tiktok.com/@thepieterkriel/video/7508289598288710918,7509354528832389895,,"So true, they will kill and destroy what challenges their system","So true, they will kill and destroy what challenges their system",,,,,0,64,0,Middle,Middle,Middle,Middle
https://www.tiktok.com/@thepieterkriel/video/7508289598288710918,7508310607859778311,,"Jesus was without sin read Hebrews 4:14-15, Jesus came to save people from sin through his sacrifice for sin read prophecy Isaiah 53:1-12, he came to save people from sin read Mathew 1:21-23. Jesus lives forever(Hebrews 13:8), Jesus death burial and resurrection was for the salvation which is justification of the sinners(read Romans 4:25, 1 Corinthians 15:1-4, Romans 10:9-11). whoever believes in Christ resurrection receives the spirit of Christ and that is the guarantee for salvation from sin.","Jesus was without sin read Hebrews 4:14-15, Jesus came to save people from sin through his sacrifice for sin read prophecy Isaiah 53:1-12, he came to save people from sin read Mathew 1:21-23. Jesus lives forever(Hebrews 13:8), Jesus death burial and resurrection was for the salvation which is justification of the sinners(read Romans 4:25, 1 Corinthians 15:1-4, Romans 10:9-11). whoever believes in Christ resurrection receives the spirit of Christ and that is the guarantee for salvation from sin.",,,,,0,499,0,Middle,Ubuntu,Middle,Middle
https://www.tiktok.com/@thepieterkriel/video/7508289598288710918,7509046883496870662,,ğŸ¥ºğŸ¥ºğŸ¥º,,ğŸ¥ºğŸ¥ºğŸ¥º,,,,3,0,0,Middle,Unclear,Middle,Middle
https://www.tiktok.com/@thepieterkriel/video/7508289598288710918,7511243920287187768,,exactly...jesus challenged even the church leadership,exactly...jesus challenged even the church leadership,,,,,0,53,0,Middle,Middle,Middle,Middle
https://www.tiktok.com/@thepieterkriel/video/7508289598288710918,7509023322664289042,,Thatâ€™s why they planned a Zuma Must Fall Campaign and did the State capture coz Zuma didnâ€™t do what they wanted,Thats why they planned a Zuma Must Fall Campaign and did the State capture coz Zuma didnt do what they wanted,,,,,0,109,0,Middle,Middle,Middle,Middle
https://www.tiktok.com/@thepieterkriel/video/7508289598288710918,7509069683367887672,,"Hear me out
Andrew tate ğŸ˜­","Hear me out
Andrew tate",ğŸ˜­,,,,1,23,0,Middle,Unclear,Middle,Middle
https://www.tiktok.com/@thepieterkriel/video/7508289598288710918,7509217958423085880,,Choosen one,Choosen one,,,,,0,11,0,Middle,Unclear,Middle,Middle
https://www.tiktok.com/@thepieterkriel/video/7508289598288710918,7511839777889649414,,"if Jesus was alive today?
as if he is dead.","if Jesus was alive today?
as if he is dead.",,,,,0,43,0,Middle,Middle,Middle,Middle
https://www.tiktok.com/@thepieterkriel/video/7512385669453417734,7512601123702784773,,"I like this, in fact I love it","I like this, in fact I love it",,,,,0,30,0,Middle,Ubuntu,Middle,Middle
https://www.tiktok.com/@thepieterkriel/video/7512385669453417734,7512839752471790392,,Khuluma mfan'omncane.,Talk to the little one.,,,,,0,23,0,Middle,Unclear,Middle,Middle
https://www.tiktok.com/@thepieterkriel/video/7512385669453417734,7512483426710438661,,Yes you are correct,Yes you are correct,,,,,0,19,0,Middle,Unclear,Middle,Middle
https://www.tiktok.com/@thepieterkriel/video/7512385669453417734,7512997732278272824,,"President Cyril Ramaphosa decided to go there in person to try help clarify the complications caused because of misunderstandings and ignorance of the people.
He took responsibility in a calm and strategic way.
The misunderstandings and exaggerations were exposed to the public and people can glance to the real truth.","President Cyril Ramaphosa decided to go there in person to try help clarify the complications caused because of misunderstandings and ignorance of the people.
He took responsibility in a calm and strategic way.
The misunderstandings and exaggerations were exposed to the public and people can glance to the real truth.",,,,,0,318,0,Middle,Middle,Middle,Middle
https://www.tiktok.com/@thepieterkriel/video/7512385669453417734,7513017210618430214,,We slaves in this country ğŸ˜,We slaves in this country,ğŸ˜,,,,1,25,0,Middle,Middle,Middle,Middle
https://www.tiktok.com/@thepieterkriel/video/7512385669453417734,7512580028996256519,,truth does not raise capital,truth does not raise capital,,,,,0,28,0,Middle,Middle,Middle,Middle
https://www.tiktok.com/@thepieterkriel/video/7512385669453417734,7512900994168046342,,Tell them they'll just ignore you like they faster sleep let them wake up still find stand firm,Tell them they'll just ignore you like they faster sleep let them wake up still find stand firm,,,,,0,95,0,Middle,Unclear,Middle,Middle
https://www.tiktok.com/@thepieterkriel/video/7512385669453417734,7512924687405859640,,Nothing but the truth sbonge mfana womlungu,Nothing But the Truth Sbonge Sike Mr,,,,,0,36,0,Middle,Unclear,Middle,Middle
https://www.tiktok.com/@thepieterkriel/video/7512385669453417734,7512646077632758533,,yeah,yeah,,,,,0,4,0,Middle,Unclear,Middle,Middle
https://www.tiktok.com/@thepieterkriel/video/7512385669453417734,7512740311673045816,,we know there's nothing we can doğŸ’”,we know there's nothing we can do,ğŸ’”,,,,1,33,0,Middle,Unclear,Middle,Middle
https://www.tiktok.com/@thepieterkriel/video/7512385669453417734,7512429171684459320,,"Yoh Ramaphosa is like mugabe of SA , the man knows the citizens donâ€™t like him, they cn see right through him but he doesnâ€™t want to step down, he is in power by force neh Yoh","Yoh Ramaphosa is like mugabe of SA , the man knows the citizens dont like him, they cn see right through him but he doesnt want to step down, he is in power by force neh Yoh",,,,,0,173,0,Middle,Middle,Middle,Middle
https://www.tiktok.com/@thepieterkriel/video/7512385669453417734,7512408029133112120,,ğŸ™,,ğŸ™,,,,1,0,0,Middle,Unclear,Middle,Middle
https://www.tiktok.com/@thepieterkriel/video/7512385669453417734,7512723660982387462,,Heâ€™s not for the poor,Hes not for the poor,,,,,0,20,0,Middle,Middle,Middle,Middle
https://www.tiktok.com/@thepieterkriel/video/7512385669453417734,7512436372931412792,,"Corruption has done enormous damage Vusi, better not talk about that, it hurts me.","Corruption has done enormous damage Vusi, better not talk about that, it hurts me.",,,,,0,82,0,Middle,Middle,Middle,Middle
https://www.tiktok.com/@thepieterkriel/video/7512385669453417734,7512743290099417912,,ğŸ«¡,,ğŸ«¡,,,,1,0,0,Middle,Unclear,Middle,Middle
https://www.tiktok.com/@thepieterkriel/video/7512385669453417734,7512478115253355269,,the truth must be told,the truth must be told,,,,,0,22,0,Middle,Middle,Middle,Middle
https://www.tiktok.com/@thepieterkriel/video/7479652795608567046,7484844077960381190,7.48134164091092E+18,Only very few whites are welcoming but the majority of them are acting with an animal extinct towards other people of different races worldwide. ğŸ™ğŸ½,Only very few whites are welcoming but the majority of them are acting with an animal extinct towards other people of different races worldwide.,ğŸ™ğŸ½,some white people are so kind,7.48134164091092E+18,some white people are so kind,2,144,1,Middle,Middle,Chaos,Middle
https://www.tiktok.com/@thepieterkriel/video/7479652795608567046,7497148559571501830,,I wonder how someone can choose to like a dog and a cat but choose to hate a human being who has never done anything bad against,I wonder how someone can choose to like a dog and a cat but choose to hate a human being who has never done anything bad against,,,,,0,128,0,Middle,Ubuntu,Chaos,Middle
https://www.tiktok.com/@thepieterkriel/video/7479652795608567046,7488876695812080406,,"there is no white people, first of all","there is no white people, first of all",,,,,0,38,0,Middle,Middle,Chaos,Middle
https://www.tiktok.com/@thepieterkriel/video/7504301019644431622,7504821191087063810,,You are European,You are European,,,,,0,16,0,Middle,Unclear,Chaos,Ubuntu
https://www.tiktok.com/@thepieterkriel/video/7504301019644431622,7505354494155653910,,"We left because of the danger, not through choice but fear. You make it sound so easy. Meanwhile people white Africans are being murdered in their thousands, women and children raped! There is no future in that","We left because of the danger, not through choice but fear. You make it sound so easy. Meanwhile people white Africans are being murdered in their thousands, women and children raped! There is no future in that",,,,,0,210,0,Middle,Middle,Chaos,Ubuntu
https://www.tiktok.com/@thepieterkriel/video/7504301019644431622,7505608940374393630,,I just have to remind that ppl in Africa are infact blk people,I just have to remind that ppl in Africa are infact blk people,,,,,0,62,0,Middle,Middle,Chaos,Ubuntu
https://www.tiktok.com/@thepieterkriel/video/7504301019644431622,7504671781794546487,7.50430349665914E+18,"No Egyptians are Arabs that invaded Africa , the only African people are black peoples","No Egyptians are Arabs that invaded Africa , the only African people are black peoples",,do you not feel like as a white man you saying you are African is low key colonization. like get that yall her deep roots in South Africa but at what cost. I genuinely feel you can't identify with people you tortured (your forefathers). personally I will never take a white or Arab as Africans. In addition Afrikaans is not the white mans language. I stand to be corrected thoughâ¤ï¸â¤ï¸,7.50430349665914E+18,do you not feel like as a white man you saying you are African is low key colonization. like get that yall her deep roots in South Africa but at what cost. I genuinely feel you can't identify with people you tortured (your forefathers). personally I will never take a white or Arab as Africans. In addition Afrikaans is not the white mans language. I stand to be corrected though,0,86,1,Middle,Middle,Chaos,Ubuntu
https://www.tiktok.com/@thepieterkriel/video/7504301019644431622,7504554708653638455,,We Jitombe TakatakağŸ—¿,We ask yourself for rubbish,ğŸ—¿,,,,1,27,0,Middle,Unclear,Chaos,Ubuntu
https://www.tiktok.com/@thepieterkriel/video/7504301019644431622,7505035535289664278,,No offense but â€œAfrikaansâ€ is basically a bootleg version of African. Like letâ€™s be so Frl rn,No offense but Afrikaans is basically a bootleg version of African. Like lets be so Frl rn,,,,,0,90,0,Middle,Chaos,Chaos,Ubuntu
https://www.tiktok.com/@thepieterkriel/video/7504301019644431622,7504691064831410949,,"No they go back where they came from when a white men understand they belong to Europe only, not Africa North America Australia or any other place","No they go back where they came from when a white men understand they belong to Europe only, not Africa North America Australia or any other place",,,,,0,146,0,Middle,Middle,Chaos,Ubuntu
https://www.tiktok.com/@thepieterkriel/video/7504301019644431622,7504851007714788139,,There's no white south African,There's no white south African,,,,,0,30,0,Middle,Middle,Chaos,Ubuntu
https://www.tiktok.com/@thepieterkriel/video/7504301019644431622,7505400626102092575,,Hail the white race!!!!!,Hail the white race!!!!!,,,,,0,24,0,Middle,Chaos,Chaos,Ubuntu
https://www.tiktok.com/@thepieterkriel/video/7507250717309095173,7508007496708490040,,the carl niehaus wannabe,the carl niehaus wannabe,,,,,0,24,0,Middle,Middle,Chaos,Middle
https://www.tiktok.com/@thepieterkriel/video/7507250717309095173,7507872376128045829,,the new black man's savior ğŸ˜‚ğŸ˜‚,the new black man's savior,ğŸ˜‚ğŸ˜‚,,,,2,26,0,Middle,Middle,Chaos,Middle
https://www.tiktok.com/@thepieterkriel/video/7507250717309095173,7507616041369043719,,talk of Elion mask instead of apriciating were his waleth came from his now causing fire ğŸ”¥,talk of Elion mask instead of apriciating were his waleth came from his now causing fire,ğŸ”¥,,,,1,88,0,Middle,Chaos,Chaos,Middle
https://www.tiktok.com/@thepieterkriel/video/7512385669453417734,7512823805522330424,,"""If you're still not angry yet, you're not paying attention"" That's a Bar.","""If you're still not angry yet, you're not paying attention"" That's a Bar.",,,,,0,74,0,Middle,Middle,Chaos,Middle
https://www.tiktok.com/@thepieterkriel/video/7512385669453417734,7513110366109451064,,As South Africans we are not angry enough ğŸ¤ğŸ¾,As South Africans we are not angry enough,ğŸ¤ğŸ¾,,,,2,41,0,Middle,Middle,Chaos,Middle