video_id,comment_id,reply_to_comment_id,original_text,translated_text,emoji_only,reply_to_original_text,reply_to_id,replied_to_translated,emoji_count,text_length,thread_depth,creator_category,manual_label,manual_label_new,video_moral_label
https://www.tiktok.com/@troubles2777/video/7496501133267995909,7504407920220046085,,ja Danville special...,ja Danville special...,,,,,0,22,0,Chaos,Unclear,Chaos,Chaos
https://www.tiktok.com/@troubles2777/video/7496501133267995909,7497551400365310775,,Is dit nie ver om te ry van Groendakies nie ğŸ˜‚ğŸ˜‚,Isn't it far to drive from Groendakies,ğŸ˜‚ğŸ˜‚,,,,2,38,0,Chaos,Unclear,Chaos,Chaos
https://www.tiktok.com/@troubles2777/video/7496501133267995909,7498587013533369143,,Kom maak gou draai hier in Suid Wes A.K.A Namibia chom....ğŸ¤£ğŸ¤£ğŸ¤£ğŸ¤£,Come and make a hurry here in South West A.K.A Namibia Chom ....,ğŸ¤£ğŸ¤£ğŸ¤£ğŸ¤£,,,,4,64,0,Chaos,Unclear,Middle,Chaos
https://www.tiktok.com/@troubles2777/video/7496501133267995909,7496623812353917701,,aai en daar slaap jy weer aleenğŸ˜‚ğŸ˜‚ğŸ˜‚,Aai and there you sleep alone again,ğŸ˜‚ğŸ˜‚ğŸ˜‚,,,,3,35,0,Chaos,Chaos,Middle,Chaos
https://www.tiktok.com/@troubles2777/video/7496501133267995909,7496910773647753989,,Dankie lanie ğŸ˜‚,Thanks Lanie,ğŸ˜‚,,,,1,12,0,Chaos,Ubuntu,Middle,Chaos
https://www.tiktok.com/@troubles2777/video/7496501133267995909,7497293370151191302,,Nog n Dr Philip,Another dr philip,,,,,0,17,0,Chaos,Unclear,Middle,Chaos
https://www.tiktok.com/@troubles2777/video/7496501133267995909,7496507064707416887,,Jy sal Val boet,You will fall fine,,,,,0,18,0,Chaos,Unclear,Chaos,Chaos
https://www.tiktok.com/@troubles2777/video/7496501133267995909,7509913685981528837,7.509912901709841e+18,Dankie jy reg te minste traai ons om op te staan dankie hater ğŸ¥°ğŸ¥°ğŸ¥°ğŸ¥°ğŸ¥°ğŸ¥°ğŸ¥°ğŸ¥°ğŸ¥°ğŸ¥°ğŸ¥°ğŸ¥°ğŸ¥°ğŸ¥°ğŸ¥°Daar vat hy nou mooi papa ğŸ¥°ğŸ¥°ğŸ¥°ğŸ¥°ğŸ¥°ğŸ¥°,Thank you at least at least we are tearing up to get up thanks hater there he takes nice papa now,ğŸ¥°ğŸ¥°ğŸ¥°ğŸ¥°ğŸ¥°ğŸ¥°ğŸ¥°ğŸ¥°ğŸ¥°ğŸ¥°ğŸ¥°ğŸ¥°ğŸ¥°ğŸ¥°ğŸ¥°ğŸ¥°ğŸ¥°ğŸ¥°ğŸ¥°ğŸ¥°ğŸ¥°,duidelik n pretorianer elandspoort special,7.509912901709841e+18,clear a Pretorian Elandspoort special,21,97,1,Chaos,Unclear,Middle,Chaos
https://www.tiktok.com/@troubles2777/video/7496506207092526342,7496748102800720645,,Hahaha skep eers asem hoor,Hahaha first lodging hearing,,,,,0,28,0,Chaos,Unclear,Middle,Chaos
https://www.tiktok.com/@troubles2777/video/7496506207092526342,7504320835336913669,,ğŸ˜‚ğŸ˜‚ğŸ˜‚,,ğŸ˜‚ğŸ˜‚ğŸ˜‚,,,,3,0,0,Chaos,Unclear,Middle,Chaos
https://www.tiktok.com/@troubles2777/video/7496506207092526342,7512802616910037765,,Jys kla moeg van niks doenieğŸ˜‚,You are complaining tired of nothing doi,ğŸ˜‚,,,,1,40,0,Chaos,Chaos,Middle,Chaos
https://www.tiktok.com/@troubles2777/video/7496506207092526342,7507235053371851526,,the trouble maker,the trouble maker,,,,,0,17,0,Chaos,Unclear,Middle,Chaos
https://www.tiktok.com/@troubles2777/video/7496506207092526342,7496881481035449094,,bly in 'n wendy huis,stay in a wendy house,,,,,0,21,0,Chaos,Unclear,Middle,Chaos
https://www.tiktok.com/@troubles2777/video/7496506207092526342,7511664467680314117,,ğŸ˜‚ğŸ˜‚ğŸ˜‚ğŸ˜‚,,ğŸ˜‚ğŸ˜‚ğŸ˜‚ğŸ˜‚,,,,4,0,0,Chaos,Unclear,Middle,Chaos
https://www.tiktok.com/@troubles2777/video/7496506207092526342,7505753664485983031,,OmwğŸ¤£ğŸ¤£ğŸ¤£ğŸ¤£ğŸ¤£ğŸ¤£ğŸ¤£ğŸ¤£,Ride,ğŸ¤£ğŸ¤£ğŸ¤£ğŸ¤£ğŸ¤£ğŸ¤£ğŸ¤£ğŸ¤£,,,,8,4,0,Chaos,Unclear,Middle,Chaos
https://www.tiktok.com/@troubles2777/video/7496506207092526342,7506450862903575302,,@â˜†â™¤Â¤â™¤â˜†QÅ±Ä™ÅˆÈ›Ã¸Åˆâ˜†â™¤Â¤â™¤â˜† ğŸ˜‚,@QÅ±Ä™ÅˆÈ›Ã˜Åˆ,ğŸ˜‚,,,,1,8,0,Chaos,Unclear,Middle,Chaos
https://www.tiktok.com/@troubles2777/video/7496506207092526342,7512124913067737861,,Temu se Dr PhillipsğŸ¤£,This is dr Phillips,ğŸ¤£,,,,1,19,0,Chaos,Unclear,Chaos,Chaos
https://www.tiktok.com/@troubles2777/video/7496506207092526342,7506243130518995717,7.506239145326102e+18,ğŸ¤£ğŸ¤£ğŸ¤£,,ğŸ¤£ğŸ¤£ğŸ¤£,@Br! +n3Â¥ @pierre7c @ğŸ’œAngeliqueğŸ’œ @kevinallen43 @Ruchel Muller @Gator,7.506239145326102e+18,@Br! n3 @pierre7c @Angelique @kevinallen43 @Ruchel Muller @Gator,3,0,1,Chaos,Unclear,Middle,Chaos
https://www.tiktok.com/@troubles2777/video/7496506207092526342,7496538279476069175,,Ek het soveel vrae?,I have so many questions?,,,,,0,25,0,Chaos,Unclear,Middle,Chaos
https://www.tiktok.com/@troubles2777/video/7496506207092526342,7496975523244081925,,shame,shame,,,,,0,5,0,Chaos,Unclear,Middle,Chaos
https://www.tiktok.com/@troubles2777/video/7496506207092526342,7496812883829916471,,as mike tyson glitch,as mike tyson glitch,,,,,0,20,0,Chaos,Unclear,Chaos,Chaos
https://www.tiktok.com/@troubles2777/video/7496506207092526342,7496877803251434246,,"Stadig ou, jys so vinnig , sien jou amper nie eers nieğŸ˜³ğŸ˜‚","Slowy guy, you're so fast, almost don't even see you",ğŸ˜³ğŸ˜‚,,,,2,52,0,Chaos,Chaos,Middle,Chaos
https://www.tiktok.com/@troubles2777/video/7496506207092526342,7496937598104503045,,ğŸ¤£ğŸ¤£ğŸ¤£ğŸ¤£,,ğŸ¤£ğŸ¤£ğŸ¤£ğŸ¤£,,,,4,0,0,Chaos,Unclear,Middle,Chaos
https://www.tiktok.com/@troubles2777/video/7496506207092526342,7503608864601080581,7.496772082295408e+18,ğŸ¤£ğŸ¤£ğŸ¤£ğŸ¤£ğŸ¤£ğŸ¤£ğŸ¤£,,ğŸ¤£ğŸ¤£ğŸ¤£ğŸ¤£ğŸ¤£ğŸ¤£ğŸ¤£,Hkm net Brakpan lol wat het hulle jou gemaak.,7.496772082295408e+18,Hkm just brakpan lol what did they make you.,7,0,1,Chaos,Unclear,Middle,Chaos
https://www.tiktok.com/@troubles2777/video/7496506207092526342,7506970551644144390,,Troubles j blaas klaar wind d video is nogie eers klaar nie,Troubles j blow already wind d video is not done yet,,,,,0,52,0,Chaos,Unclear,Middle,Chaos
https://www.tiktok.com/@troubles2777/video/7496506207092526342,7497594959308161797,,ğŸ˜‚ğŸ˜‚ğŸ˜‚,,ğŸ˜‚ğŸ˜‚ğŸ˜‚,,,,3,0,0,Chaos,Unclear,Middle,Chaos
https://www.tiktok.com/@troubles2777/video/7496506207092526342,7497665254659277623,,Jy gaan bakslaa kry my bra jy is maar my tjom,You go baking,,,,,0,13,0,Chaos,Ubuntu,Middle,Chaos
https://www.tiktok.com/@troubles2777/video/7496506207092526342,7497339943619199750,,ğŸ¤£ğŸ¤£ğŸ¤£,,ğŸ¤£ğŸ¤£ğŸ¤£,,,,3,0,0,Chaos,Unclear,Middle,Chaos
https://www.tiktok.com/@troubles2777/video/7496506207092526342,7497389456153936648,,jesus christ that's Jason Bourne,jesus christ that's Jason Bourne,,,,,0,32,0,Chaos,Unclear,Chaos,Chaos
https://www.tiktok.com/@troubles2777/video/7496506207092526342,7503231523639591686,,oo jinn dr Phillips look alikeğŸ˜‚ğŸ˜‚,oo jinn dr Phillips look alike,ğŸ˜‚ğŸ˜‚,,,,2,30,0,Chaos,Unclear,Middle,Chaos
https://www.tiktok.com/@troubles2777/video/7496506207092526342,7504211078391415557,,my name is Jeff ğŸ˜‚ğŸ˜‚ğŸ˜‚ğŸ˜‚,my name is Jeff,ğŸ˜‚ğŸ˜‚ğŸ˜‚ğŸ˜‚,,,,4,15,0,Chaos,Unclear,Middle,Chaos
https://www.tiktok.com/@troubles2777/video/7496506207092526342,7497651564817236741,,ek boks ook soma ğŸ˜‚ğŸ˜…,I also box soma,ğŸ˜‚ğŸ˜…,,,,2,15,0,Chaos,Unclear,Middle,Chaos
https://www.tiktok.com/@troubles2777/video/7496506207092526342,7496532565571781431,,Daai broek sal skeer,Those pants will shave,,,,,0,22,0,Chaos,Unclear,Middle,Chaos
https://www.tiktok.com/@troubles2777/video/7496506207092526342,7507231937342898950,7.496936317605152e+18,WernerğŸ˜‚ğŸ˜‚ğŸ˜‚ğŸ˜‚ğŸ˜‚ğŸ˜‚ğŸ˜‚,Werner,ğŸ˜‚ğŸ˜‚ğŸ˜‚ğŸ˜‚ğŸ˜‚ğŸ˜‚ğŸ˜‚,Tjom...onthou om jou belt vas te maak as jy klaar gevÃªlle het....net so FYIğŸ‘Œ,7.496936317605152e+18,Tjom ... Remember to fasten your belt when you finished .... just as fyi,7,6,1,Chaos,Unclear,Middle,Chaos
https://www.tiktok.com/@troubles2777/video/7496506207092526342,7504036835909272325,,thanks trubblez ğŸ¤£ğŸ¤£ğŸ¤£ğŸ¤£,thanks trubblez,ğŸ¤£ğŸ¤£ğŸ¤£ğŸ¤£,,,,4,15,0,Chaos,Ubuntu,Middle,Chaos
https://www.tiktok.com/@troubles2777/video/7496506207092526342,7497508361497002807,,kom brakpan row,Come Brakpan Row,,,,,0,16,0,Chaos,Unclear,Middle,Chaos
https://www.tiktok.com/@troubles2777/video/7496506207092526342,7513169884604891960,,Kinders dis hkm jy nie drugs doeniğŸ˜‚ğŸ˜‚ğŸ˜‚ğŸ˜‚ğŸ˜‚,Kids it's hkm you don't do drugsi,ğŸ˜‚ğŸ˜‚ğŸ˜‚ğŸ˜‚ğŸ˜‚,,,,5,33,0,Chaos,Chaos,Chaos,Chaos
https://www.tiktok.com/@troubles2777/video/7496506207092526342,7512184222939464494,,hoeveel bulpies jy gerook kontgesig?,How many baskets you smoked?,,,,,0,28,0,Chaos,Chaos,Chaos,Chaos
https://www.tiktok.com/@troubles2777/video/7496506207092526342,7497133147689567031,,@ariee @mack attack,@ariee @mack attack,,,,,0,19,0,Chaos,Unclear,Middle,Chaos
https://www.tiktok.com/@troubles2777/video/7496506207092526342,7506732357505712952,7.506614269644916e+18,ğŸ˜ğŸ˜,,ğŸ˜ğŸ˜,@chanelğŸ’‹ dunkin?,7.506614269644916e+18,@chanel dunkin?,2,0,1,Chaos,Unclear,Middle,Chaos
https://www.tiktok.com/@troubles2777/video/7496506207092526342,7511706313593209606,,@JaedonğŸ¥¨ you in 10years,@Jaedon you in 10years,ğŸ¥¨,,,,1,22,0,Chaos,Unclear,Middle,Chaos
https://www.tiktok.com/@troubles2777/video/7496506207092526342,7512551203148235526,,haaaaaaaa ag asbğŸ˜‚ğŸ˜‚ğŸ˜‚ğŸ˜‚ğŸ˜‚,haaaaaaaa ag asb,ğŸ˜‚ğŸ˜‚ğŸ˜‚ğŸ˜‚ğŸ˜‚,,,,5,16,0,Chaos,Unclear,Middle,Chaos
https://www.tiktok.com/@troubles2777/video/7496506207092526342,7511632925515858706,,ğŸ˜‚ğŸ˜‚ğŸ˜‚,,ğŸ˜‚ğŸ˜‚ğŸ˜‚,,,,3,0,0,Chaos,Unclear,Middle,Chaos
https://www.tiktok.com/@troubles2777/video/7496506207092526342,7513153573271290680,,lol,lol,,,,,0,3,0,Chaos,Unclear,Middle,Chaos
https://www.tiktok.com/@troubles2777/video/7496506207092526342,7498738039527621381,,phillps 2.0,phillps 2.0,,,,,0,11,0,Chaos,Unclear,Middle,Chaos
https://www.tiktok.com/@troubles2777/video/7496506207092526342,7506964230898369286,,Is dit scoliosis?,Is it scoliosis?,,,,,0,16,0,Chaos,Unclear,Chaos,Chaos
https://www.tiktok.com/@troubles2777/video/7496506207092526342,7496763890011112247,,ğŸ¤£,,ğŸ¤£,,,,1,0,0,Chaos,Unclear,Middle,Chaos
https://www.tiktok.com/@troubles2777/video/7496506207092526342,7512813068636832518,7.512554791890159e+18,JaaağŸ˜­ğŸ˜­ğŸ˜­,Yeah,ğŸ˜­ğŸ˜­ğŸ˜­,@lexiğŸª die remind my aan deanâ€¦,7.512554791890159e+18,@lexi the remind me to Dean,3,4,1,Chaos,Unclear,Middle,Chaos
https://www.tiktok.com/@troubles2777/video/7497693845971406135,7498312741188600631,,well done ğŸ‘ ğŸ‘ğŸ‘,well done,ğŸ‘ğŸ‘ğŸ‘,,,,3,9,0,Chaos,Ubuntu,Middle,Middle
https://www.tiktok.com/@troubles2777/video/7497693845971406135,7512106941645964038,,AWESOME Trubells!! ğŸ¤ ,AWESOME Trubells!!,ğŸ¤ ,,,,1,18,0,Chaos,Ubuntu,Middle,Middle
https://www.tiktok.com/@troubles2777/video/7497693845971406135,7498710020146676486,,ğŸ‘ğŸ‘ğŸ‘well done chom,well done chom,ğŸ‘ğŸ‘ğŸ‘,,,,3,14,0,Chaos,Ubuntu,Ubuntu,Middle
https://www.tiktok.com/@troubles2777/video/7497693845971406135,7501757898474570551,,We do recover,We do recover,,,,,0,13,0,Chaos,Ubuntu,Ubuntu,Middle
https://www.tiktok.com/@troubles2777/video/7497693845971406135,7498662966927475461,,AmenğŸ™ğŸ™ğŸ™ğŸ™ğŸ¥°,Amen,ğŸ™ğŸ™ğŸ™ğŸ™ğŸ¥°,,,,5,4,0,Chaos,Ubuntu,Middle,Middle
https://www.tiktok.com/@troubles2777/video/7497693845971406135,7498236457406382854,,â¤â¤â¤â¤love of god,love of god,â¤â¤â¤â¤,,,,4,11,0,Chaos,Ubuntu,Middle,Middle
https://www.tiktok.com/@troubles2777/video/7497693845971406135,7497839028084065029,,Down on my knees I praise my Jesus....,Down on my knees I praise my Jesus....,,,,,0,38,0,Chaos,Ubuntu,Middle,Middle
https://www.tiktok.com/@troubles2777/video/7497693845971406135,7497839734874899206,,ğŸ¥°ğŸ¥°ğŸ¥°,,ğŸ¥°ğŸ¥°ğŸ¥°,,,,3,0,0,Chaos,Unclear,Middle,Middle
https://www.tiktok.com/@troubles2777/video/7497693845971406135,7498292678031934213,,so mooi so waar,so beautiful so true,,,,,0,20,0,Chaos,Ubuntu,Middle,Middle
https://www.tiktok.com/@troubles2777/video/7497693845971406135,7498269711185167159,,ğŸ¥°ğŸ¥°ğŸ¥°,,ğŸ¥°ğŸ¥°ğŸ¥°,,,,3,0,0,Chaos,Ubuntu,Middle,Middle
https://www.tiktok.com/@troubles2777/video/7497693845971406135,7498766530558100230,,well done. staan vas!,Well Done. are VAS!,,,,,0,19,0,Chaos,Unclear,Ubuntu,Middle
https://www.tiktok.com/@troubles2777/video/7497693845971406135,7510337843559498501,,ğŸ‘ğŸ‘ğŸ‘ğŸ”¥ğŸ”¥ğŸ”¥,,ğŸ‘ğŸ‘ğŸ‘ğŸ”¥ğŸ”¥ğŸ”¥,,,,6,0,0,Chaos,Unclear,Middle,Middle
https://www.tiktok.com/@troubles2777/video/7497693845971406135,7506661015665410821,,god bless u ğŸ™,god bless u,ğŸ™,,,,1,11,0,Chaos,Ubuntu,Ubuntu,Middle
https://www.tiktok.com/@troubles2777/video/7497693845971406135,7498345896922104582,7.49794281745472e+18,Baie gelukğŸ‰ğŸ‰ğŸ’Œ jy het dit stuur my asb op Whatsapp sÃª net WEN en eis jou prys +27 63 638 4428 ğŸ‡¿ğŸ‡¦ğŸ‘ˆğŸ‘ˆğŸ¥°ğŸ¥°ğŸ¥°ğŸ¥°ğŸ¥°ğŸ˜ğŸ˜ğŸ˜ğŸ˜,Congratulations you have it please send me on WhatsApp just win and claim your price 27 63 638 4428,ğŸ‰ğŸ‰ğŸ’ŒğŸ‘ˆğŸ‘ˆğŸ¥°ğŸ¥°ğŸ¥°ğŸ¥°ğŸ¥°ğŸ˜ğŸ˜ğŸ˜ğŸ˜,Amen brotherğŸ™ğŸ™ğŸ™,7.49794281745472e+18,Amen brother,14,99,1,Chaos,Ubuntu,Chaos,Middle
https://www.tiktok.com/@troubles2777/video/7497693845971406135,7498441768847082295,,"Well done, Alle Lof en Eer aan ons Hemelse Vader","Well done, all praise and honor to our Heavenly Father",,,,,0,54,0,Chaos,Ubuntu,Middle,Middle
https://www.tiktok.com/@troubles2777/video/7497693845971406135,7498351299223716614,,God bless you in everything you do,God bless you in everything you do,,,,,0,34,0,Chaos,Ubuntu,Ubuntu,Middle
https://www.tiktok.com/@troubles2777/video/7497693845971406135,7497790446791394053,,chirs mares here we are all so proud of you . no guts no glory . in his name we will stand with him the lord,chirs mares here we are all so proud of you . no guts no glory . in his name we will stand with him the lord,,,,,0,108,0,Chaos,Ubuntu,Ubuntu,Middle
https://www.tiktok.com/@troubles2777/video/7497693845971406135,7498099965623010054,,amen deur Juses is eenige iets montlikğŸ˜‰,amen door juses is some something montlik,ğŸ˜‰,,,,1,41,0,Chaos,Unclear,Middle,Middle
https://www.tiktok.com/@troubles2777/video/7497693845971406135,7498098223200338693,,ğŸ’™ğŸ©µğŸ’ªğŸ»ğŸ™ğŸ»ğŸ’ªğŸ»ğŸ©µğŸ’™,,ğŸ’™ğŸ©µğŸ’ªğŸ»ğŸ™ğŸ»ğŸ’ªğŸ»ğŸ©µğŸ’™,,,,10,0,0,Chaos,Unclear,Middle,Middle
https://www.tiktok.com/@troubles2777/video/7497693845971406135,7497886612866007863,7.49783780008403e+18,Baie gelukğŸ‰ğŸ‰ğŸ’Œ jy het dit stuur my asb op Whatsapp sÃª net WEN en eis jou prys +27 63 638 4428 ğŸ‡¿ğŸ‡¦ğŸ‘ˆğŸ‘ˆğŸ¥°ğŸ¥°ğŸ¥°ğŸ¥°ğŸ¥°ğŸ˜ğŸ˜ğŸ˜,Congratulations you have it please send me on WhatsApp just win and claim your price 27 63 638 4428,ğŸ‰ğŸ‰ğŸ’ŒğŸ‘ˆğŸ‘ˆğŸ¥°ğŸ¥°ğŸ¥°ğŸ¥°ğŸ¥°ğŸ˜ğŸ˜ğŸ˜,"Trubells,hou so aan.Dit was n donker gat wat jy in was en God het sy groote hand uitgesteek en jou hand gevat en jou uit die donker gat gehelp.Maak die deure van jou verlede toe.Trots op jou God seen.",7.49783780008403e+18,"Trubells, keep going. It was a dark hole you were in and God put out His big hand and took your hand and helped you out of the dark hole. Make the doors of your past.",13,99,1,Chaos,Unclear,Chaos,Middle
https://www.tiktok.com/@troubles2777/video/7497693845971406135,7498271310021280517,,PRYS DIE HERE AMEN.,Praise the Lord Amen.,,,,,0,21,0,Chaos,Ubuntu,Middle,Middle
https://www.tiktok.com/@troubles2777/video/7497693845971406135,7498049694532666167,,Amen ğŸ‘ğŸ’¯,Amen,ğŸ‘ğŸ’¯,,,,2,4,0,Chaos,Ubuntu,Middle,Middle
https://www.tiktok.com/@troubles2777/video/7497693845971406135,7497989337340134150,,Amen ğŸ™ğŸ™prys die Here,Amen praises the Lord,ğŸ™ğŸ™,,,,2,21,0,Chaos,Ubuntu,Middle,Middle
https://www.tiktok.com/@troubles2777/video/7497693845971406135,7498372196265493254,,amen,amen,,,,,0,4,0,Chaos,Ubuntu,Middle,Middle
https://www.tiktok.com/@troubles2777/video/7497693845971406135,7498700766460166918,,Amen my friendğŸ¥°,Amen my friend,ğŸ¥°,,,,1,14,0,Chaos,Ubuntu,Middle,Middle
https://www.tiktok.com/@troubles2777/video/7497693845971406135,7499409685855798021,,loof die Here staan sterk...Bly by Jesus Se VOETE,Praise the Lord stands strong ... Stay at Jesus' feet,,,,,0,53,0,Chaos,Ubuntu,Middle,Middle
https://www.tiktok.com/@troubles2777/video/7497693845971406135,7498969922891940663,,Baie Geluk. Ek so Trots op jou. Wens so ons HELE WERELD KAN SKOON GEMAAK WORD MET DRUGS. ğŸ‘â¤ï¸,Congratulations. I'm so proud of you. Wish our whole world can be cleaned with drugs.,ğŸ‘â¤,,,,2,85,0,Chaos,Ubuntu,Ubuntu,Middle
https://www.tiktok.com/@troubles2777/video/7497693845971406135,7498728056048370487,,prys DIE HERE AMEN,Praise the Lord Amen,,,,,0,20,0,Chaos,Ubuntu,Middle,Middle
https://www.tiktok.com/@troubles2777/video/7497693845971406135,7497887419616052023,,Waar kan ek jou kom sien?,Where can I come and see you?,,,,,0,29,0,Chaos,Unclear,Middle,Middle
https://www.tiktok.com/@troubles2777/video/7497693845971406135,7498658499716596486,,Amen prys die Here dit wys jou die Here se hand is groot Hy raak ons almal aan as jy hom nodig het my friend mag jy n geseende dag he,Amen praises the Lord it shows you the Lord's hand is great He touches us all if you need him my friend you may have a blessed day,,,,,0,130,0,Chaos,Ubuntu,Middle,Middle
https://www.tiktok.com/@troubles2777/video/7497693845971406135,7498885428825948983,,Amen hou aan,Amen,,,,,0,4,0,Chaos,Unclear,Middle,Middle
https://www.tiktok.com/@troubles2777/video/7497693845971406135,7498277397947810566,,Well done ğŸ˜ğŸ‘ Dankie Jesus ğŸ™,Well done thank you Jesus,ğŸ˜ğŸ‘ğŸ™,,,,3,25,0,Chaos,Ubuntu,Middle,Middle
https://www.tiktok.com/@troubles2777/video/7497693845971406135,7498324422257656631,,ğŸ™ğŸ™ğŸ™,,ğŸ™ğŸ™ğŸ™,,,,3,0,0,Chaos,Unclear,Middle,Middle
https://www.tiktok.com/@troubles2777/video/7497693845971406135,7498108280649925431,,ğŸ™ğŸ» Amen praise God,Amen praise God,ğŸ™ğŸ»,,,,2,15,0,Chaos,Ubuntu,Middle,Middle
https://www.tiktok.com/@troubles2777/video/7503846724776054022,7507343493154276152,,Jys n man hulle het jou ge houer ek is net bly omte houer nognooit nie ğŸ˜…,You a man they have your geese I am just glad container yet never,ğŸ˜…,,,,1,65,0,Chaos,Chaos,Middle,Ubuntu
https://www.tiktok.com/@troubles2777/video/7503846724776054022,7513180709659493176,,"Die regte ""boere"" van Suid Afrika.ğŸ˜­ğŸ˜­ğŸ˜­","The right ""farmers"" of South Africa.",ğŸ˜­ğŸ˜­ğŸ˜­,,,,3,36,0,Chaos,Middle,Middle,Ubuntu
https://www.tiktok.com/@troubles2777/video/7503846724776054022,7507204562774065925,,"Se vir hulle my room, ek like jyğŸ¤£ğŸ¤£ğŸ¤£","Tell them my cream, i like you",ğŸ¤£ğŸ¤£ğŸ¤£,,,,3,30,0,Chaos,Unclear,Middle,Ubuntu
https://www.tiktok.com/@troubles2777/video/7503846724776054022,7508348583701660472,,nies kos,sneeze food,,,,,0,11,0,Chaos,Chaos,Middle,Ubuntu
https://www.tiktok.com/@troubles2777/video/7503846724776054022,7504354380603360055,,Viva Trubells 4 PresidentğŸ¤£ğŸ¤£ğŸ¤£ğŸ¤£,Viva Trubells 4 President,ğŸ¤£ğŸ¤£ğŸ¤£ğŸ¤£,,,,4,25,0,Chaos,Unclear,Middle,Ubuntu
https://www.tiktok.com/@troubles2777/video/7503846724776054022,7508076669165568824,,the street lighs are still on,the street lighs are still on,,,,,0,29,0,Chaos,Unclear,Middle,Ubuntu
https://www.tiktok.com/@troubles2777/video/7503846724776054022,7504906715331724037,,ğŸ”¥ğŸ˜‚ğŸ˜‚ğŸ˜‚ğŸ˜‚,,ğŸ”¥ğŸ˜‚ğŸ˜‚ğŸ˜‚ğŸ˜‚,,,,5,0,0,Chaos,Unclear,Middle,Ubuntu
https://www.tiktok.com/@troubles2777/video/7503846724776054022,7507202856148550405,,soek ek daai broek net,I just look for those pants,,,,,0,27,0,Chaos,Unclear,Middle,Ubuntu
https://www.tiktok.com/@troubles2777/video/7503846724776054022,7505839100105196294,,ğŸ’¯ğŸ«¡,,ğŸ’¯ğŸ«¡,,,,2,0,0,Chaos,Unclear,Ubuntu,Ubuntu
https://www.tiktok.com/@troubles2777/video/7503846724776054022,7504779164106326790,,vertel hulle Trumph het gelieg ver hulle ons braai and drink branawynğŸ¤£ğŸ¤£,tell them Trumph lied to far they braai and drink branawyn,ğŸ¤£ğŸ¤£,,,,2,58,0,Chaos,Middle,Middle,Ubuntu
https://www.tiktok.com/@troubles2777/video/7503846724776054022,7510255235710960440,,vat hom faffieğŸ˜‚,take him faffie,ğŸ˜‚,,,,1,15,0,Chaos,Unclear,Middle,Ubuntu
https://www.tiktok.com/@troubles2777/video/7503846724776054022,7505483997004006150,,Dankei mnr South Africa is for all of us,Dankei mnr South Africa is for all of us,,,,,0,40,0,Chaos,Ubuntu,Ubuntu,Ubuntu
https://www.tiktok.com/@troubles2777/video/7503846724776054022,7506232290176516920,,YesğŸ‘Œ,Yes,ğŸ‘Œ,,,,1,3,0,Chaos,Unclear,Ubuntu,Ubuntu
https://www.tiktok.com/@troubles2777/video/7503846724776054022,7505350979509420806,,African Soil ğŸ‘‘ğŸ”¥ğŸ”¥ğŸ¤£ğŸ¤£ğŸ§¬ğŸ§¬ğŸ“,African Soil,ğŸ‘‘ğŸ”¥ğŸ”¥ğŸ¤£ğŸ¤£ğŸ§¬ğŸ§¬ğŸ“,,,,8,12,0,Chaos,Unclear,Ubuntu,Ubuntu
https://www.tiktok.com/@troubles2777/video/7503846724776054022,7512138956810879750,,"ğŸ˜‚ğŸ˜‚ğŸ˜‚ğŸ˜‚ğŸ˜‚my ma se kind,, praat","my mother's child ,, talk",ğŸ˜‚ğŸ˜‚ğŸ˜‚ğŸ˜‚ğŸ˜‚,,,,5,25,0,Chaos,Unclear,Middle,Ubuntu
https://www.tiktok.com/@troubles2777/video/7503846724776054022,7506037282387362567,,ek sal net daii broek an trek waneer ek sop eetğŸ˜ğŸ¤£,I will only pull daii pants and when I eat soup,ğŸ˜ğŸ¤£,,,,2,47,0,Chaos,Chaos,Middle,Ubuntu
https://www.tiktok.com/@troubles2777/video/7503846724776054022,7505276531729040135,,Ai,Ai,,,,,0,2,0,Chaos,Unclear,Middle,Ubuntu
https://www.tiktok.com/@troubles2777/video/7503846724776054022,7507700828631909176,,ğŸ˜‚,,ğŸ˜‚,,,,1,0,0,Chaos,Unclear,Middle,Ubuntu
https://www.tiktok.com/@troubles2777/video/7503846724776054022,7504209344892879622,,Ek stem Saam.,I agree.,,,,,0,8,0,Chaos,Unclear,Ubuntu,Ubuntu
https://www.tiktok.com/@troubles2777/video/7503846724776054022,7506697992335262470,,ğŸ’¯â¤ï¸â¤ï¸â¤ï¸â¤ï¸,,ğŸ’¯â¤â¤â¤â¤,,,,5,0,0,Chaos,Unclear,Ubuntu,Ubuntu
https://www.tiktok.com/@troubles2777/video/7503846724776054022,7505183518847976197,,On gaan doen de Amerikaners dance.,The Americaners dance will go on.,,,,,0,33,0,Chaos,Unclear,Middle,Ubuntu
https://www.tiktok.com/@troubles2777/video/7503846724776054022,7505062620351218487,,dellaray ..no warriors butas.ğŸ¤£ğŸ‘Œ,dellaray ..no warriors butas.,ğŸ¤£ğŸ‘Œ,,,,2,29,0,Chaos,Unclear,Middle,Ubuntu
https://www.tiktok.com/@troubles2777/video/7503846724776054022,7504800751827419910,,ğŸ˜‚ğŸ˜‚ğŸ˜‚ğŸ˜‚ğŸ˜‚ğŸ˜‚ğŸ˜‚ğŸ˜‚,,ğŸ˜‚ğŸ˜‚ğŸ˜‚ğŸ˜‚ğŸ˜‚ğŸ˜‚ğŸ˜‚ğŸ˜‚,,,,8,0,0,Chaos,Unclear,Middle,Ubuntu
https://www.tiktok.com/@troubles2777/video/7503846724776054022,7507331275751408440,,braai nie slaai nie,do not fry salad,,,,,0,16,0,Chaos,Unclear,Middle,Ubuntu
https://www.tiktok.com/@troubles2777/video/7503846724776054022,7506003607738336005,,ğŸ™ˆğŸ™ˆğŸ™ˆğŸ™ˆğŸ™ˆğŸ™ˆ,,ğŸ™ˆğŸ™ˆğŸ™ˆğŸ™ˆğŸ™ˆğŸ™ˆ,,,,6,0,0,Chaos,Unclear,Middle,Ubuntu
https://www.tiktok.com/@troubles2777/video/7503846724776054022,7504806330466370309,,dankie troubles ğŸ˜ğŸ”¥,thanks troubles,ğŸ˜ğŸ”¥,,,,2,15,0,Chaos,Unclear,Middle,Ubuntu
https://www.tiktok.com/@troubles2777/video/7503846724776054022,7505294439780385591,,Lekker Boknaaipan ğŸ˜‚ğŸ˜‚ğŸ˜‚,Nice boxingan,ğŸ˜‚ğŸ˜‚ğŸ˜‚,,,,3,13,0,Chaos,Ubuntu,Chaos,Ubuntu
https://www.tiktok.com/@troubles2777/video/7503846724776054022,7511789413291262726,,ka boeta ons is sam,ka fine we are sam,,,,,0,18,0,Chaos,Unclear,Ubuntu,Ubuntu
https://www.tiktok.com/@troubles2777/video/7503846724776054022,7506759525219763000,,aw die troubles,aw the troubles,,,,,0,15,0,Chaos,Unclear,Middle,Ubuntu
https://www.tiktok.com/@troubles2777/video/7503846724776054022,7504397673967272759,,"ons lief vir jou,sterk man ons swarte ons saam met jou","We love you, strong man our blacks with you with you",,,,,0,52,0,Chaos,Ubuntu,Ubuntu,Ubuntu
https://www.tiktok.com/@troubles2777/video/7503846724776054022,7508661754797359928,,Jyt my Dag gemaak mase kindğŸ¤£ğŸ¤£ğŸ¤£â¤ï¸â¤ï¸,You my day made mase child,ğŸ¤£ğŸ¤£ğŸ¤£â¤â¤,,,,5,26,0,Chaos,Unclear,Ubuntu,Ubuntu
https://www.tiktok.com/@troubles2777/video/7503846724776054022,7509975072074695446,,enjoy!,enjoy!,,,,,0,6,0,Chaos,Ubuntu,Middle,Ubuntu
https://www.tiktok.com/@troubles2777/video/7503846724776054022,7508336886461580037,,when you mentioned black label I knew it you not going anywhere... bly aseblief ğŸ˜‚,when you mentioned black label I knew it you not going anywhere... bly aseblief,ğŸ˜‚,,,,1,79,0,Chaos,Unclear,Ubuntu,Ubuntu
https://www.tiktok.com/@troubles2777/video/7503846724776054022,7506134016577143558,,spot onğŸ˜‚ğŸ¤£,spot on,ğŸ˜‚ğŸ¤£,,,,2,7,0,Chaos,Ubuntu,Ubuntu,Ubuntu
https://www.tiktok.com/@troubles2777/video/7503846724776054022,7508121202499175224,,hlo hy prt die warut,hlo he prt the warut,,,,,0,20,0,Chaos,Unclear,Middle,Ubuntu
https://www.tiktok.com/@troubles2777/video/7503846724776054022,7504401650217616183,,jy is dood reg ğŸ‘ğŸ‘ğŸ‘...ons land ..SA,you are dead right ... our country ..SA,ğŸ‘ğŸ‘ğŸ‘,,,,3,39,0,Chaos,Ubuntu,Ubuntu,Ubuntu
https://www.tiktok.com/@troubles2777/video/7503846724776054022,7504963570023727877,,ğŸ˜‚ğŸ˜‚ğŸ˜‚ im not laughing,im not laughing,ğŸ˜‚ğŸ˜‚ğŸ˜‚,,,,3,15,0,Chaos,Unclear,Middle,Ubuntu
https://www.tiktok.com/@troubles2777/video/7503846724776054022,7510179433975448376,,ğŸ˜‚ğŸ˜‚ğŸ˜‚,,ğŸ˜‚ğŸ˜‚ğŸ˜‚,,,,3,0,0,Chaos,Unclear,Middle,Ubuntu
https://www.tiktok.com/@troubles2777/video/7503846724776054022,7506147059751027489,,Kwai jağŸ˜‚ğŸ˜‚ğŸ˜‚staan jou grond my brağŸ˜‚ğŸ˜‚ğŸ˜‚ğŸ˜‚ek like jouğŸ˜‚ğŸ˜‚ğŸ˜‚ğŸ˜‚ğŸ˜‚ğŸ˜‚ğŸ˜‚ğŸ˜‚ğŸ˜‚,Kwai Jastaan â€‹â€‹your ground my braek like you,ğŸ˜‚ğŸ˜‚ğŸ˜‚ğŸ˜‚ğŸ˜‚ğŸ˜‚ğŸ˜‚ğŸ˜‚ğŸ˜‚ğŸ˜‚ğŸ˜‚ğŸ˜‚ğŸ˜‚ğŸ˜‚ğŸ˜‚ğŸ˜‚,,,,16,44,0,Chaos,Chaos,Middle,Ubuntu
https://www.tiktok.com/@troubles2777/video/7503846724776054022,7509242884492149510,,"Jirre ant Stienie, of issit Piet Spiere","Jirre Ant Stienie, or Issit Piet Muscle",,,,,0,39,0,Chaos,Unclear,Middle,Ubuntu
https://www.tiktok.com/@troubles2777/video/7503846724776054022,7506832437784773382,,"""Hulle kennie van braai nie hulle kennie van slaai nie..."" Potjiekos âŒ Naai âœ… ğŸ¤£ğŸ¤£ğŸ¤£ This is why I can never leave South Africa ğŸ‡¿ğŸ‡¦ğŸ«¡","""Their Kennie of Braai does not know their knowledge of salad ..."" Potjiekos fuck this is why I can never leave South Africa",âŒâœ…ğŸ¤£ğŸ¤£ğŸ¤£ğŸ«¡,,,,6,124,0,Chaos,Ubuntu,Ubuntu,Ubuntu
https://www.tiktok.com/@troubles2777/video/7512823779605679416,7513220524480021254,,nee bra ğŸ¤£ğŸ¤£,no Bra,ğŸ¤£ğŸ¤£,,,,2,6,0,Chaos,Chaos,Middle,Chaos
https://www.tiktok.com/@troubles2777/video/7512823779605679416,7513072435673432888,,the new karate kidğŸ˜,the new karate kid,ğŸ˜,,,,1,18,0,Chaos,Unclear,Middle,Chaos
https://www.tiktok.com/@troubles2777/video/7512823779605679416,7513257307292828422,,ğŸ˜‚...hoe lekker lag ek nou,... how good I laugh now,ğŸ˜‚,,,,1,24,0,Chaos,Ubuntu,Middle,Chaos
https://www.tiktok.com/@troubles2777/video/7512823779605679416,7513103933121676088,,ğŸ˜‚ğŸ˜‚ğŸ˜‚ğŸ˜‚ğŸ˜‚ğŸ˜‚ğŸ˜‚,,ğŸ˜‚ğŸ˜‚ğŸ˜‚ğŸ˜‚ğŸ˜‚ğŸ˜‚ğŸ˜‚,,,,7,0,0,Chaos,Unclear,Middle,Chaos
https://www.tiktok.com/@troubles2777/video/7512823779605679416,7513243192339759877,,ğŸ˜‚ğŸ˜‚ğŸ˜‚ğŸ˜…,,ğŸ˜‚ğŸ˜‚ğŸ˜‚ğŸ˜…,,,,4,0,0,Chaos,Unclear,Middle,Chaos
https://www.tiktok.com/@troubles2777/video/7512823779605679416,7513238620285158200,,@tinusmartignone hoekom praat die manne nooit van Krugersdorp nie? @,@tinusmarignone Why does the men never talk about Krugersdorp? @,,,,,0,64,0,Chaos,Unclear,Middle,Chaos
https://www.tiktok.com/@troubles2777/video/7512823779605679416,7513117158835880760,,@Joshua,@Joshua,,,,,0,7,0,Chaos,Unclear,Middle,Chaos
https://www.tiktok.com/@troubles2777/video/7512823779605679416,7512828749767820038,,My name is martin,My name is martin,,,,,0,17,0,Chaos,Unclear,Ubuntu,Chaos
https://www.tiktok.com/@troubles2777/video/7512823779605679416,7513182835860669190,,jy is cool ou trubelsğŸ˜„,you are cool old trubels,ğŸ˜„,,,,1,24,0,Chaos,Unclear,Middle,Chaos
https://www.tiktok.com/@troubles2777/video/7512823779605679416,7513273426124735237,,siesssssssssss,SIESSSSSSSSSSS,,,,,0,14,0,Chaos,Unclear,Chaos,Chaos
https://www.tiktok.com/@troubles2777/video/7512823779605679416,7513151437824672568,,ğŸ˜†ğŸ˜†ğŸ˜†,,ğŸ˜†ğŸ˜†ğŸ˜†,,,,3,0,0,Chaos,Unclear,Middle,Chaos
https://www.tiktok.com/@troubles2777/video/7512823779605679416,7513188106876486405,,unc doing too much ğŸ’” this pmo,unc doing too much  this pmo,ğŸ’”,,,,1,28,0,Chaos,Unclear,Middle,Chaos
https://www.tiktok.com/@troubles2777/video/7512823779605679416,7512980227640099640,,ğŸ˜‚,,ğŸ˜‚,,,,1,0,0,Chaos,Unclear,Middle,Chaos
https://www.tiktok.com/@troubles2777/video/7512823779605679416,7513114352813196048,,ğŸ¤£ğŸ¤£ğŸ¤£ğŸ¤£,,ğŸ¤£ğŸ¤£ğŸ¤£ğŸ¤£,,,,4,0,0,Chaos,Unclear,Middle,Chaos
https://www.tiktok.com/@troubles2777/video/7512823779605679416,7513113263136899846,7.51308172800182e+18,Hy het trubells ğŸ˜‚ğŸ˜‚ğŸ˜‚ğŸ˜‚ğŸ˜‚ğŸ˜‚ğŸ˜‚ğŸ˜‚ğŸ˜‚ğŸ˜‚ğŸ˜‚ğŸ˜‚ğŸ˜‚ğŸ˜‚ğŸ˜‚ğŸ˜‚ğŸ˜‚ğŸ˜‚Daar vat hy meisie,He has trubells there he takes girl,ğŸ˜‚ğŸ˜‚ğŸ˜‚ğŸ˜‚ğŸ˜‚ğŸ˜‚ğŸ˜‚ğŸ˜‚ğŸ˜‚ğŸ˜‚ğŸ˜‚ğŸ˜‚ğŸ˜‚ğŸ˜‚ğŸ˜‚ğŸ˜‚ğŸ˜‚ğŸ˜‚,"sjoe
het nie geweet suid afrika het sy eie bruce lee nie",7.51308172800182e+18,"wow
didn't know South Africa has its own Bruce Lee",18,35,1,Chaos,Chaos,Middle,Chaos
https://www.tiktok.com/@troubles2777/video/7512823779605679416,7513133872855647032,7.513058069250557e+18,Baie gelukğŸ‰ğŸ‰ğŸ’Œ jy het dit stuur my asb op Whatsapp sÃª net WEN en eis jou prys +27663477159ğŸ‡¿ğŸ‡¦ğŸ‘ˆğŸ‘ˆğŸ¥°ğŸ¥°,Congratulations You have it please send me on WhatsApp just win and claim your price 27663477159,ğŸ‰ğŸ‰ğŸ’ŒğŸ‘ˆğŸ‘ˆğŸ¥°ğŸ¥°,en toe jy wakker word is jou koffie koud,7.513058069250557e+18,and when you wake up your coffee is cold,7,96,1,Chaos,Unclear,Chaos,Chaos
https://www.tiktok.com/@troubles2777/video/7512823779605679416,7513224050108531461,,jou poes lokation pse,your pussy location pse,,,,,0,23,0,Chaos,Chaos,Chaos,Chaos
https://www.tiktok.com/@troubles2777/video/7512823779605679416,7513057709212992261,,nou lag ek lekker jy het my dag nou gemaakğŸ˜‚ğŸ˜‚jy moenie so spring nie nou nou val jyğŸ˜‚ğŸ˜‚ğŸ˜‚,Now I laugh nice you made my day now you don't jump like that now now you fall,ğŸ˜‚ğŸ˜‚ğŸ˜‚ğŸ˜‚ğŸ˜‚,,,,5,78,0,Chaos,Ubuntu,Ubuntu,Chaos
https://www.tiktok.com/@troubles2777/video/7512823779605679416,7513193594807731000,,whahahahaha,Whahahahaha,,,,,0,11,0,Chaos,Unclear,Middle,Chaos
https://www.tiktok.com/@troubles2777/video/7512823779605679416,7513167506148803384,,jys die temu version van die karate kidğŸ˜‚ğŸ˜‚,You the Temu Version of the Karate Kid,ğŸ˜‚ğŸ˜‚,,,,2,38,0,Chaos,Middle,Chaos,Chaos
https://www.tiktok.com/@troubles2777/video/7512823779605679416,7512909501406806790,,ğŸ˜‚ğŸ˜‚Jy ken nie ons mane van Boksurg nie ne,You don't know our moons of boxing,ğŸ˜‚ğŸ˜‚,,,,2,34,0,Chaos,Unclear,Middle,Chaos
https://www.tiktok.com/@troubles2777/video/7512823779605679416,7513103784396292870,,kakkommin,nicer,,,,,0,5,0,Chaos,Ubuntu,Chaos,Chaos
https://www.tiktok.com/@troubles2777/video/7512823779605679416,7513105352037417733,,Kom wessies toe,Come to wesses,,,,,0,14,0,Chaos,Unclear,Middle,Chaos
https://www.tiktok.com/@troubles2777/video/7512823779605679416,7513161632710198072,,ğŸ˜‚ğŸ˜‚ğŸ˜‚ğŸ˜‚maplattor style ğŸ˜‚,maplattor style,ğŸ˜‚ğŸ˜‚ğŸ˜‚ğŸ˜‚ğŸ˜‚,,,,5,15,0,Chaos,Unclear,Chaos,Chaos
https://www.tiktok.com/@troubles2777/video/7512823779605679416,7513105356663489336,,#TaTrubellsğŸ’¯ğŸ˜‚,#TaTrubells,ğŸ’¯ğŸ˜‚,,,,2,11,0,Chaos,Unclear,Middle,Chaos
https://www.tiktok.com/@troubles2777/video/7512823779605679416,7513155373613400837,,pasop jou hond gaan jou nou plat blafğŸ˜…,Beware your dog is going to bark you now,ğŸ˜…,,,,1,40,0,Chaos,Unclear,Middle,Chaos
https://www.tiktok.com/@troubles2777/video/7512823779605679416,7513105179785741112,,Is jou boi flex van temu ğŸ¤£,Is your Boi Flex of Temu,ğŸ¤£,,,,1,24,0,Chaos,Unclear,Chaos,Chaos
